{
  "regime": "stressed",
  "best_risk_adj_alpha": 0.7371279897254613,
  "best_params": {
    "w_momentum": 1.7468757689688428,
    "w_stability": 0.04577026456894705,
    "w_liquidity": 0.29460301935452743,
    "w_antifragility": 0.6263427014607224,
    "w_survival": 1.399983977426618,
    "w_efficiency": 1.5348407862249287,
    "w_entropy": 0.03221191124287824,
    "w_hurst": 0.34851475223045303,
    "top_n": 5
  },
  "n_trials": 500,
  "timestamp": "2026-01-02T03:21:52.246745"
}