{
  "15m": {
    "ADX": 17.99244217091417,
    "AO": 19.060382352778106,
    "BBPower": 17.038324223132804,
    "CCI20": 27.281921209961347,
    "EMA100": 88125.11579928844,
    "EMA10": 88246.23820252664,
    "EMA200": 87867.45881507594,
    "EMA20": 88240.27117646563,
    "EMA30": 88233.63957240117,
    "EMA50": 88220.15048018767,
    "HullMA9": 88202.439,
    "Ichimoku.BLine": 88273.48999999999,
    "MACD.macd": 9.723721251401003,
    "MACD.signal": 13.44113503391552,
    "Mom": 17.389999999999418,
    "Pivot.M.Camarilla.Middle": 87549.05,
    "Pivot.M.Classic.Middle": 87549.05,
    "Pivot.M.Fibonacci.Middle": 87549.05,
    "RSI": 54.45255191603614,
    "Recommend.All": 0.5121212121212121,
    "Recommend.MA": 0.9333333333333333,
    "Recommend.Other": 0.09090909090909091,
    "SMA100": 88222.37480000027,
    "SMA10": 88254.63900000001,
    "SMA200": 87698.69940000003,
    "SMA20": 88245.13149999989,
    "SMA30": 88221.0503333332,
    "SMA50": 88209.95599999992,
    "Stoch.K": 23.107192744267905,
    "UO": 38.92073491654764,
    "VWMA": 88247.52520860918,
    "W.R": -56.050867371620186
  },
  "1h": {
    "ADX": 21.76484689283949,
    "AO": 125.17485294102516,
    "BBPower": 0.7307121180347167,
    "CCI20": 1.5936295143442152,
    "EMA100": 87747.18006406257,
    "EMA10": 88239.37169447704,
    "EMA200": 88205.95425503989,
    "EMA20": 88180.05497016401,
    "EMA30": 88073.22671122289,
    "EMA50": 87867.03368757547,
    "HullMA9": 88264.90296296298,
    "Ichimoku.BLine": 88184.41500000001,
    "MACD.macd": 114.21581958586466,
    "MACD.signal": 148.1231457205384,
    "Mom": 28.110000000000582,
    "Pivot.M.Camarilla.Middle": 90112.84000000001,
    "Pivot.M.Classic.Middle": 90112.84000000001,
    "Pivot.M.Fibonacci.Middle": 90112.84000000001,
    "RSI": 56.232730724750226,
    "Recommend.All": 0.4666666666666667,
    "Recommend.MA": 0.9333333333333333,
    "Recommend.Other": 0,
    "SMA100": 87331.13649999996,
    "SMA10": 88235.215,
    "SMA200": 88110.61830000003,
    "SMA20": 88245.89850000007,
    "SMA30": 88118.96200000004,
    "SMA50": 87721.62260000018,
    "Stoch.K": 71.4787415099954,
    "UO": 48.63831218428508,
    "VWMA": 88246.48336054305,
    "W.R": -24.58775938735149
  },
  "1d": {
    "ADX": 26.59734291675016,
    "AO": -2066.0717352941283,
    "BBPower": -706.751310775333,
    "CCI20": -53.422661537805055,
    "EMA10": 88206.92645859689,
    "EMA100": 99648.69584783823,
    "EMA20": 89328.56055836008,
    "EMA200": 102245.73463025573,
    "EMA30": 90751.06762022429,
    "EMA50": 93975.11221371205,
    "HullMA9": 86703.00696296296,
    "Ichimoku.BLine": 89205.875,
    "MACD.macd": -1713.4879483799305,
    "MACD.signal": -1775.017068672536,
    "Mom": -3759.7399999999907,
    "Pivot.M.Camarilla.Middle": 94070.00333333334,
    "Pivot.M.Classic.Middle": 94070.00333333334,
    "Pivot.M.Fibonacci.Middle": 94070.00333333334,
    "RSI": 44.682515440156536,
    "Recommend.All": -0.28787878787878785,
    "Recommend.MA": -0.6666666666666666,
    "Recommend.Other": 0.09090909090909091,
    "SMA10": 88364.16800000002,
    "SMA100": 103806.09919999984,
    "SMA20": 89550.21150000006,
    "SMA200": 108000.33109999988,
    "SMA30": 89241.48266666668,
    "SMA50": 93596.1209999999,
    "Stoch.K": 28.138760835245165,
    "UO": 41.86127332587582,
    "VWMA": 89509.9677321789,
    "W.R": -62.46545510495133
  }
}