{
  "EMA200": 88204.89833464188,
  "EMA50": 87862.87211894801,
  "MACD.macd": 105.75040648045251,
  "MACD.signal": 146.43006309945594,
  "RSI": 52.84113200053782
}